-- 3. Prospective_renter
INSERT INTO Prospective_renter (User_ID, Move_in_date, Preferred_location, Budget) VALUES
  (1, '2025-06-01', 'Valentine, West Elizabeth', 1200.00),
  (2, '2025-06-15', 'Blackwater, West Elizabeth', 1500.00),
  (3, '2025-07-01', 'Saint Denis, Lemoyne', 1800.00),
  (4, '2025-05-20', 'Strawberry, New Hanover', 1000.00),
  (5, '2025-06-10', 'Van Horn, New Hanover', 1100.00),
  (6, '2025-07-05', 'Armadillo, New Austin', 900.00),
  (7, '2025-06-25', 'Rhodes, New Hanover', 1300.00),
  (8, '2025-05-30', 'Annesburg, Roanoke Ridge', 1250.00),
  (9, '2025-08-01', 'Emerald Ranch, New Hanover', 1400.00),
  (10, '2025-07-20', 'Tumbleweed, New Austin', 950.00),
  (11, '2025-06-12', 'Saint Denis, Lemoyne', 1700.00),
  (12, '2025-05-28', 'Valentine, West Elizabeth', 1150.00),
  (13, '2025-06-18', 'Blackwater, West Elizabeth', 1600.00),
  (14, '2025-07-02', 'Strawberry, New Hanover', 1025.00),
  (15, '2025-08-10', 'Van Horn, New Hanover', 980.00),
  (16, '2025-07-15', 'Armadillo, New Austin', 875.00),
  (17, '2025-05-25', 'Rhodes, New Hanover', 1350.00),
  (18, '2025-06-05', 'Annesburg, Roanoke Ridge', 1280.00),
  (19, '2025-07-30', 'Emerald Ranch, New Hanover', 1450.00),
  (20, '2025-08-15', 'Tumbleweed, New Austin', 970.00);

-- 4. Address (39 primary + 20 payment addresses)
INSERT INTO Address (User_ID, Street, City, State, Zip_code, Country, Address_type) VALUES
  -- Renters' primary addresses
  (1, '101 Ranch Rd',          'Valentine',      'West Elizabeth', '12345', 'USA', 'primary'),
  (2, '202 Outlaw St',         'Blackwater',     'West Elizabeth', '23456', 'USA', 'primary'),
  (3, '303 Hideout Ave',       'Saint Denis',    'Lemoyne',        '34567', 'USA', 'primary'),
  (4, '404 Saloon Blvd',       'Strawberry',     'New Hanover',    '45678', 'USA', 'primary'),
  (5, '505 Bayou Ln',          'Van Horn',       'New Hanover',    '56789', 'USA', 'primary'),
  (6, '606 Desert Way',        'Armadillo',      'New Austin',     '67890', 'USA', 'primary'),
  (7, '707 Train Track',       'Rhodes',         'New Hanover',    '78901', 'USA', 'primary'),
  (8, '808 Coal Rd',           'Annesburg',      'Roanoke Ridge',  '89012', 'USA', 'primary'),
  (9, '909 Ranch Rd',          'Emerald Ranch',  'New Hanover',    '90123', 'USA', 'primary'),
  (10,'10 Dusty Trail',        'Tumbleweed',     'New Austin',     '01234', 'USA', 'primary'),
  (11,'111 Church St',         'Saint Denis',    'Lemoyne',        '34567', 'USA', 'primary'),
  (12,'121 Wood Rd',           'Valentine',      'West Elizabeth', '12345', 'USA', 'primary'),
  (13,'131 Main St',           'Blackwater',     'West Elizabeth', '23456', 'USA', 'primary'),
  (14,'141 Oak Dr',            'Strawberry',     'New Hanover',    '45678', 'USA', 'primary'),
  (15,'151 Prairie Ave',       'Van Horn',       'New Hanover',    '56789', 'USA', 'primary'),
  (16,'161 Sand Dune Blvd',    'Armadillo',      'New Austin',     '67890', 'USA', 'primary'),
  (17,'171 River Rd',          'Rhodes',         'New Hanover',    '78901', 'USA', 'primary'),
  (18,'181 Mine St',           'Annesburg',      'Roanoke Ridge',  '89012', 'USA', 'primary'),
  (19,'191 Barn Ln',           'Emerald Ranch',  'New Hanover',    '90123', 'USA', 'primary'),
  (20,'201 Stable Way',        'Tumbleweed',     'New Austin',     '01234', 'USA', 'primary'),
  -- Agents' primary addresses
  (21,'210 Sky Ln',            'San Diego',      'California',     '90111', 'USA', 'primary'),
  (22,'220 Hill St',           'Los Angeles',    'California',     '90210', 'USA', 'primary'),
  (23,'230 Harbor Dr',         'San Francisco',  'California',     '94111', 'USA', 'primary'),
  (24,'240 Bay St',            'Seattle',        'Washington',     '98101', 'USA', 'primary'),
  (25,'250 Elm St',            'Chicago',        'Illinois',       '60601', 'USA', 'primary'),
  (26,'260 Lake Ave',          'Miami',          'Florida',        '33101', 'USA', 'primary'),
  (27,'270 Pine Rd',           'Houston',        'Texas',          '77002', 'USA', 'primary'),
  (28,'280 Maple Dr',          'Dallas',         'Texas',          '75201', 'USA', 'primary'),
  (29,'290 Oak St',            'Boston',         'Massachusetts',  '02108', 'USA', 'primary'),
  (30,'300 Park Ave',          'New York',       'New York',       '10022', 'USA', 'primary'),
  (31,'310 Broadway',          'Nashville',      'Tennessee',      '37203', 'USA', 'primary'),
  (32,'320 Music Row',         'Nashville',      'Tennessee',      '37219', 'USA', 'primary'),
  (33,'330 Commerce St',       'Dallas',         'Texas',          '75202', 'USA', 'primary'),
  (34,'340 River Rd',          'Memphis',        'Tennessee',      '38103', 'USA', 'primary'),
  (35,'350 Beale St',          'Memphis',        'Tennessee',      '38103', 'USA', 'primary'),
  (36,'360 Peachtree St',      'Atlanta',        'Georgia',        '30303', 'USA', 'primary'),
  (37,'370 Peach St',          'Atlanta',        'Georgia',        '30303', 'USA', 'primary'),
  (38,'380 Vinewood Dr',       'Los Angeles',    'California',     '90068', 'USA', 'primary'),
  (39,'390 Mulholland Dr',     'Los Angeles',    'California',     '90046', 'USA', 'primary'),
  -- Renters' payment addresses
  (1, 'PO Box 101',            'Valentine',      'West Elizabeth', '12345', 'USA', 'payment'),
  (2, 'PO Box 102',            'Blackwater',     'West Elizabeth', '23456', 'USA', 'payment'),
  (3, 'PO Box 103',            'Saint Denis',    'Lemoyne',        '34567', 'USA', 'payment'),
  (4, 'PO Box 104',            'Strawberry',     'New Hanover',    '45678', 'USA', 'payment'),
  (5, 'PO Box 105',            'Van Horn',       'New Hanover',    '56789', 'USA', 'payment'),
  (6, 'PO Box 106',            'Armadillo',      'New Austin',     '67890', 'USA', 'payment'),
  (7, 'PO Box 107',            'Rhodes',         'New Hanover',    '78901', 'USA', 'payment'),
  (8, 'PO Box 108',            'Annesburg',      'Roanoke Ridge',  '89012', 'USA', 'payment'),
  (9, 'PO Box 109',            'Emerald Ranch',  'New Hanover',    '90123', 'USA', 'payment'),
  (10,'PO Box 110',            'Tumbleweed',     'New Austin',     '01234', 'USA', 'payment'),
  (11,'PO Box 111',            'Saint Denis',    'Lemoyne',        '34567', 'USA', 'payment'),
  (12,'PO Box 112',            'Valentine',      'West Elizabeth', '12345', 'USA', 'payment'),
  (13,'PO Box 113',            'Blackwater',     'West Elizabeth', '23456', 'USA', 'payment'),
  (14,'PO Box 114',            'Strawberry',     'New Hanover',    '45678', 'USA', 'payment'),
  (15,'PO Box 115',            'Van Horn',       'New Hanover',    '56789', 'USA', 'payment'),
  (16,'PO Box 116',            'Armadillo',      'New Austin',     '67890', 'USA', 'payment'),
  (17,'PO Box 117',            'Rhodes',         'New Hanover',    '78901', 'USA', 'payment'),
  (18,'PO Box 118',            'Annesburg',      'Roanoke Ridge',  '89012', 'USA', 'payment'),
  (19,'PO Box 119',            'Emerald Ranch',  'New Hanover',    '90123', 'USA', 'payment'),
  (20,'PO Box 120',            'Tumbleweed',     'New Austin',     '01234', 'USA', 'payment');

-- 5. Credit_card
INSERT INTO Credit_card (Card_number, Renter_ID, Expiry_date, Payment_address_ID) VALUES
  ('4111111111111111',  1, '2026-12-31', 40),
  ('4111111111111122',  2, '2026-11-30', 41),
  ('4111111111111133',  3, '2027-01-31', 42),
  ('4111111111111144',  4, '2026-10-30', 43),
  ('4111111111111155',  5, '2027-03-31', 44),
  ('4111111111111166',  6, '2026-09-30', 45),
  ('4111111111111177',  7, '2027-05-31', 46),
  ('4111111111111188',  8, '2026-08-31', 47),
  ('4111111111111199',  9, '2027-12-31', 48),
  ('4111111111111200', 10, '2027-02-28', 49),
  ('4111111111111211', 11, '2026-07-31', 50),
  ('4111111111111222', 12, '2027-04-30', 51),
  ('4111111111111233', 13, '2026-06-30', 52),
  ('4111111111111244', 14, '2027-08-31', 53),
  ('4111111111111255', 15, '2026-05-31', 54),
  ('4111111111111266', 16, '2027-09-30', 55),
  ('4111111111111277', 17, '2026-04-30', 56),
  ('4111111111111288', 18, '2027-07-31', 57),
  ('4111111111111299', 19, '2026-03-31', 58),
  ('4111111111111300', 20, '2027-10-31', 59);

-- 6. Neighborhood
INSERT INTO Neighborhood (Neighborhood_name, Crime_rate, School_rating, Has_vacation_home, Has_land_available, Amenities_available) VALUES
  ('Valentine',    15.2, 3, FALSE, TRUE,  TRUE),
  ('Saint Denis',  23.5, 4, TRUE,  FALSE, TRUE),
  ('Blackwater',   12.0, 5, TRUE,  TRUE,  TRUE),
  ('Strawberry',    5.1, 5, FALSE, TRUE,  FALSE),
  ('Van Horn',     45.5, 2, FALSE, FALSE, FALSE),
  ('Armadillo',    30.0, 3, FALSE, FALSE, FALSE);

-- 7. Property
INSERT INTO Property (Address_ID, Agent_ID, Neighborhood_ID, Type, Number_of_rooms, Square_footage, Agency_name, Type_of_business, Availability) VALUES
  (21,  1, 1, 'house',      5, 2500.00, 'Top Gun Realty',            'Residential', TRUE),
  (22,  2, 2, 'apartment',  3, 1200.00, 'Ice Man Estates',           'Residential', TRUE),
  (23,  3, 3, 'commercial', 0, 4500.00, 'Goose & Co.',               'Office',      TRUE),
  (24,  4, 4, 'house',      4, 1800.00, 'Blackwood Properties',      'Residential', FALSE),
  (25,  5, 1, 'apartment',  2,  900.00, 'Impossible Missions Realty','Residential', TRUE),
  (26,  6, 2, 'house',      6, 3000.00, 'Stickell Real Estate',      'Residential', TRUE),
  (27,  7, 3, 'commercial', 0, 6000.00, 'Benji Brokers',             'Retail',      TRUE),
  (28,  8, 4, 'house',      3, 1600.00, 'Brandt & Sons',             'Residential', TRUE),
  (29,  9, 5, 'apartment',  2, 1100.00, 'Faust Holdings',            'Residential', TRUE),
  (30, 10, 6, 'house',      4, 2000.00, 'Babbitt & Co.',             'Residential', FALSE),
  (31, 11, 1, 'commercial', 0, 5000.00, 'Raymond Realty',            'Warehouse',   TRUE),
  (32, 12, 2, 'apartment',  3, 1300.00, 'Maguire Estates',           'Residential', TRUE),
  (33, 13, 3, 'house',      5, 2700.00, 'Boyd Brokers',              'Residential', TRUE),
  (34, 14, 4, 'commercial', 0, 4800.00, 'Tidwell Properties',        'Office',      TRUE),
  (35, 15, 5, 'house',      4, 2200.00, 'Anderton Realty',           'Residential', TRUE),
  (36, 16, 6, 'apartment',  2, 1050.00, 'Kaffee & Assoc.',           'Residential', TRUE),
  (37, 17, 1, 'commercial', 0, 5300.00, 'Jessup Holdings',           'Retail',      TRUE),
  (38, 18, 2, 'house',      3, 1750.00, 'Cage Real Estate',          'Residential', TRUE),
  (39, 19, 3, 'apartment',  2, 1150.00, 'Vrataski Ventures',         'Residential', TRUE);

-- 8. Property_features
INSERT INTO Property_features (Property_ID, Has_vacation_home, Has_land_available, Amenities_available) VALUES
  (1, FALSE, TRUE,  TRUE),
  (2, FALSE, FALSE, TRUE),
  (3, TRUE,  TRUE,  TRUE),
  (4, FALSE, TRUE,  FALSE),
  (5, FALSE, FALSE, TRUE),
  (6, TRUE,  TRUE,  FALSE),
  (7, FALSE, FALSE, TRUE),
  (8, FALSE, TRUE,  TRUE),
  (9, TRUE,  TRUE,  TRUE),
  (10,FALSE, FALSE, FALSE),
  (11, TRUE, TRUE,  TRUE),
  (12, FALSE, FALSE, TRUE),
  (13,TRUE,  TRUE,  FALSE),
  (14,FALSE, TRUE,  TRUE),
  (15,TRUE,  FALSE, TRUE),
  (16,FALSE, FALSE, TRUE),
  (17,TRUE,  TRUE,  TRUE),
  (18,FALSE, TRUE,  FALSE),
  (19,TRUE,  TRUE,  TRUE);

-- 9. Price
INSERT INTO Price (Property_ID, Rental_price, Effective_date) VALUES
  (1,  2500.00, '2025-05-01'),
  (2,  1800.00, '2025-05-01'),
  (3,  4500.00, '2025-05-01'),
  (4,  2000.00, '2025-05-01'),
  (5,  1600.00, '2025-05-01'),
  (6,  3000.00, '2025-05-01'),
  (7,  5000.00, '2025-05-01'),
  (8,  1750.00, '2025-05-01'),
  (9,  2200.00, '2025-05-01'),
  (10, 2100.00, '2025-05-01'),
  (11, 2800.00, '2025-05-01'),
  (12, 1300.00, '2025-05-01'),
  (13, 2700.00, '2025-05-01'),
  (14, 4800.00, '2025-05-01'),
  (15, 2200.00, '2025-05-01'),
  (16, 1050.00, '2025-05-01'),
  (17, 5300.00, '2025-05-01'),
  (18, 1750.00, '2025-05-01'),
  (19, 1150.00, '2025-05-01');

-- 10. Booking
INSERT INTO Booking (Property_ID, Renter_ID, Card_ID, Booking_date, Start_date, Lease_till_date) VALUES
  (1,  1,  1, '2025-05-10', '2025-06-01', '2026-05-31'),
  (2,  2,  2, '2025-05-12', '2025-06-15', '2026-06-14'),
  (3,  3,  3, '2025-05-14', '2025-07-01', '2026-06-30'),
  (4,  4,  4, '2025-05-16', '2025-05-20', '2026-05-19'),
  (5,  5,  5, '2025-05-18', '2025-06-10', '2026-06-09'),
  (6,  6,  6, '2025-05-20', '2025-07-05', '2026-07-04'),
  (7,  7,  7, '2025-05-22', '2025-06-25', '2026-06-24'),
  (8,  8,  8, '2025-05-24', '2025-05-30', '2026-05-29'),
  (9,  9,  9, '2025-05-26', '2025-08-01', '2026-07-31'),
  (10, 10, 10,'2025-05-28','2025-07-20','2026-07-19'),
  (11, 11, 11,'2025-05-30','2025-06-12','2026-06-11'),
  (12, 12, 12,'2025-06-01','2025-05-28','2026-05-27'),
  (13, 13, 13,'2025-06-03','2025-06-18','2026-06-17'),
  (14, 14, 14,'2025-06-05','2025-07-02','2026-07-01'),
  (15, 15, 15,'2025-06-07','2025-08-10','2026-08-09'),
  (16, 16, 16,'2025-06-09','2025-07-15','2026-07-14'),
  (17, 17, 17,'2025-06-11','2025-05-25','2026-05-24'),
  (18, 18, 18,'2025-06-13','2025-06-05','2026-06-04'),
  (19, 19, 19,'2025-06-15','2025-07-30','2026-07-29'),
  (19, 20, 20,'2025-06-17','2025-08-15','2026-08-14');

-- 11. Reward_program
INSERT INTO Reward_program (Renter_ID, Booking_ID, Reward_points) VALUES
  (1,  1, 100),
  (2,  2, 150),
  (3,  3, 200),
  (4,  4,  50),
  (5,  5, 120),
  (6,  6, 180),
  (7,  7, 110),
  (8,  8, 130),
  (9,  9, 160),
  (10,10,140),
  (11,11,170),
  (12,12, 90),
  (13,13,210),
  (14,14, 80),
  (15,15,190),
  (16,16,115),
  (17,17,145),
  (18,18,175),
  (19,19,125),
  (20,20,155);
